{
    "peace": [
        [
            0.0,
            0.0,
            0.0,
            -0.03345896960170001,
            -0.02674349543405531,
            -0.015578037365481303,
            -0.0583703025778373,
            -0.07228767981639439,
            -0.027520125339175593,
            -0.040297650435496504,
            -0.10189032057583552,
            -0.04136854715058412,
            -0.009531612319581495,
            -0.11044970064776811,
            -0.054855699819241224,
            -0.03511904649683225,
            -0.15390983559962843,
            -0.019113283891980595,
            -0.04787958052997664,
            -0.21687006276940923,
            -0.036183634308376726,
            -0.05486883623121069,
            -0.2564156208163262,
            -0.04623334800416843,
            -0.05953880392613537,
            -0.29085522505890093,
            -0.05283492069409847,
            -0.0035766044992474595,
            -0.15317901221319088,
            -0.025844951504437993,
            0.00393047178756024,
            -0.22969845572449482,
            -0.044059729914936306,
            0.00717874317486333,
            -0.27806900045966654,
            -0.054476906141887285,
            0.011368196341447498,
            -0.31911717938652634,
            -0.05927553637166164,
            0.023937152965591693,
            -0.13323028053564812,
            -0.03448971325575839,
            0.01432279626601902,
            -0.1576371287042928,
            -0.059909440782429095,
            -0.0010125523613353214,
            -0.11504005175713428,
            -0.0620703486524667,
            -0.006860760219041571,
            -0.08444166342280965,
            -0.05581570167979606,
            0.04598486218340549,
            -0.10243000728794292,
            -0.044422255506928576,
            0.033769460068130815,
            -0.12452005546857696,
            -0.06156307726447956,
            0.017486361293186814,
            -0.09500681276092009,
            -0.057418436861766904,
            0.010131324250301048,
            -0.07003288124438742,
            -0.05008567469127824,
            0.12368967543514328,
            0.30155125594460785,
            0.324774690023435,
            0.10145371903682111,
            0.08669384635448908,
            0.1872190054420305,
            0.07660301743188613,
            0.23540786542980222,
            0.023003850716078716
        ]
    ],
    "lvibe": [
        [
            0.0,
            0.0,
            0.0,
            -0.044141541827963975,
            -0.036039941860077813,
            -0.020008319921773276,
            -0.082944622085208,
            -0.10094047834033558,
            -0.034743896691728456,
            -0.11437295556374442,
            -0.14707000707814455,
            -0.050634176831928335,
            -0.14385336110634145,
            -0.17705595893987974,
            -0.06649810363145268,
            -0.02752606541289993,
            -0.1825092194633584,
            -0.020780672538230488,
            -0.023512928448743302,
            -0.25727327851722864,
            -0.04330111793118575,
            -0.019402884620861528,
            -0.30460187025064633,
            -0.0553359006676773,
            -0.014252376170393967,
            -0.3443730538686622,
            -0.06439838165981787,
            0.0067980630304349966,
            -0.16949251784648003,
            -0.025558711391017012,
            -0.002094684435006622,
            -0.1961023635093895,
            -0.061375635600865036,
            -0.015020563877397678,
            -0.12944547200024342,
            -0.06379642404300437,
            -0.014163260466826018,
            -0.0993967599302508,
            -0.05732011696627365,
            0.03856258851717052,
            -0.14500641833544672,
            -0.03387236838089191,
            0.029274974023230912,
            -0.1619710835170252,
            -0.06954375776971727,
            0.010037875637749761,
            -0.10321680712431686,
            -0.05739935151373516,
            0.006928202984388191,
            -0.07918011276288195,
            -0.04067271747906109,
            0.06712374058369816,
            -0.11233108554183882,
            -0.04411974995279132,
            0.056823171846842886,
            -0.1283773246271876,
            -0.06615510297665604,
            0.033541840804896285,
            -0.08965470705935463,
            -0.05689623562287611,
            0.025595064289514434,
            -0.0716981858207729,
            -0.04509284775749133,
            0.23762281010940695,
            0.35063240297744086,
            0.11561102733178337,
            0.08928471426211268,
            0.08848221338130478,
            0.21165026431387476,
            0.24507854733631715,
            0.03362586151893558,
            0.020590495220615075
        ]
    ],
    "palm": [
        [
            0.0,
            0.0,
            0.0,
            -0.03764069264623663,
            -0.021644923459680863,
            -0.01860582284267544,
            -0.06890558868198014,
            -0.05503742721475119,
            -0.02931204980977359,
            -0.09285843626204783,
            -0.08268715269909495,
            -0.03868008445745286,
            -0.11642305522427246,
            -0.10150313116836979,
            -0.04823060459665381,
            -0.037461634376990224,
            -0.1277902524219018,
            -0.016085559305821798,
            -0.05011590041994252,
            -0.1771996050059899,
            -0.028076140046050774,
            -0.05692191876484997,
            -0.20935757285353954,
            -0.03793955816075491,
            -0.06042686035254221,
            -0.2381617054918787,
            -0.04575563380509012,
            -0.009957424892975308,
            -0.1363709962507546,
            -0.01758695862055241,
            -0.009286081009565843,
            -0.19458397190139332,
            -0.02766325619886976,
            -0.008453601300669886,
            -0.23287943907243752,
            -0.03694661323436745,
            -0.0068457325812125375,
            -0.2661929653832837,
            -0.04439005931497315,
            0.01430078077358996,
            -0.1303188718530647,
            -0.02186797169596908,
            0.025685544339937645,
            -0.18176757302283808,
            -0.03466029099983694,
            0.03208566087577122,
            -0.2159960222838758,
            -0.04395333030917381,
            0.036730090073216336,
            -0.2470166864485943,
            -0.05054046042414126,
            0.03524573191651771,
            -0.11311815659494419,
            -0.027793968379344596,
            0.053130028170310255,
            -0.14733353790195566,
            -0.039933694118034595,
            0.06383772691424697,
            -0.17298449548618708,
            -0.045963875391286664,
            0.07235183723365066,
            -0.1981300876330611,
            -0.05022028961591365,
            0.1618128692177975,
            0.24993195361892306,
            0.2699556190193239,
            0.25479537091696536,
            0.21682342462399076,
            0.14770668656721636,
            0.060485978358914755,
            0.048004264681327055,
            0.0604889322426776
        ]
    ],